file,field,value,page,note
ASII/1956c56761_9fa8c3b1ce.pdf,doc_type,AR_WITH_FS,427,
ASII/1956c56761_9fa8c3b1ce.pdf,period_end,2025-12-31,427,
ASII/1956c56761_9fa8c3b1ce.pdf,currency,IDR,427,
ASII/1956c56761_9fa8c3b1ce.pdf,scale,1000000000,427,
ASII/1956c56761_9fa8c3b1ce.pdf,is_bank,false,427,
ASII/1956c56761_9fa8c3b1ce.pdf,bs_page,427,427,
ASII/1956c56761_9fa8c3b1ce.pdf,is_page,429,429,
ASII/1956c56761_9fa8c3b1ce.pdf,cf_page,432,432,
ASII/1956c56761_9fa8c3b1ce.pdf,revenue,323392,429,
ASII/1956c56761_9fa8c3b1ce.pdf,net_income_parent,32769,430,
ASII/1956c56761_9fa8c3b1ce.pdf,eps_basic,810,430,
ASII/1956c56761_9fa8c3b1ce.pdf,total_assets,507366,427,
ASII/1956c56761_9fa8c3b1ce.pdf,total_liabilities,216554,428,
ASII/1956c56761_9fa8c3b1ce.pdf,total_equity,290812,428,
ASII/1956c56761_9fa8c3b1ce.pdf,equity_parent,228906,428,
ASII/1956c56761_9fa8c3b1ce.pdf,current_assets,188555,427,
ASII/1956c56761_9fa8c3b1ce.pdf,current_liabilities,152078,428,
ASII/1956c56761_9fa8c3b1ce.pdf,cfo,44694,432,
ASII/1956c56761_9fa8c3b1ce.pdf,shares_issued,40483553140,428,"issued and fully paid 40,483,553,140 ordinary shares (before treasury)"
BBCA/2454984817_0af2863c6b.pdf,doc_type,AR_WITH_FS,462,
BBCA/2454984817_0af2863c6b.pdf,period_end,2025-12-31,462,
BBCA/2454984817_0af2863c6b.pdf,currency,IDR,462,
BBCA/2454984817_0af2863c6b.pdf,scale,1000000,462,
BBCA/2454984817_0af2863c6b.pdf,is_bank,true,462,
BBCA/2454984817_0af2863c6b.pdf,bs_page,462,462,
BBCA/2454984817_0af2863c6b.pdf,is_page,464,464,
BBCA/2454984817_0af2863c6b.pdf,cf_page,468,468,
BBCA/2454984817_0af2863c6b.pdf,revenue,111861388,464,"net interest and sharia income 85,548,157 + total other operating income 26,313,231 (insurance income-net 144,938 not included)"
BBCA/2454984817_0af2863c6b.pdf,net_income_parent,57537287,465,
BBCA/2454984817_0af2863c6b.pdf,eps_basic,467,465,
BBCA/2454984817_0af2863c6b.pdf,total_assets,1586828536,462,
BBCA/2454984817_0af2863c6b.pdf,total_liabilities,1294508286,463,"excludes temporary syirkah deposits 10,632,695"
BBCA/2454984817_0af2863c6b.pdf,total_equity,281687555,463,
BBCA/2454984817_0af2863c6b.pdf,equity_parent,281466478,463,
BBCA/2454984817_0af2863c6b.pdf,current_assets,NA,,bank
BBCA/2454984817_0af2863c6b.pdf,current_liabilities,NA,,bank
BBCA/2454984817_0af2863c6b.pdf,cfo,77508785,468,
BBCA/2454984817_0af2863c6b.pdf,shares_issued,123275050000,463,
BBCA/Final_LK BCA 1222 (Indo)_260123_combined.pdf,doc_type,FS,7,
BBCA/Final_LK BCA 1222 (Indo)_260123_combined.pdf,period_end,2022-12-31,7,
BBCA/Final_LK BCA 1222 (Indo)_260123_combined.pdf,currency,IDR,7,
BBCA/Final_LK BCA 1222 (Indo)_260123_combined.pdf,scale,1000000,7,
BBCA/Final_LK BCA 1222 (Indo)_260123_combined.pdf,is_bank,true,7,
BBCA/Final_LK BCA 1222 (Indo)_260123_combined.pdf,bs_page,7,7,
BBCA/Final_LK BCA 1222 (Indo)_260123_combined.pdf,is_page,9,9,
BBCA/Final_LK BCA 1222 (Indo)_260123_combined.pdf,cf_page,13,13,
BBCA/Final_LK BCA 1222 (Indo)_260123_combined.pdf,revenue,87476317,9,"pendapatan bunga dan syariah-bersih 63,989,509 + jumlah pendapatan operasional lainnya 23,486,808"
BBCA/Final_LK BCA 1222 (Indo)_260123_combined.pdf,net_income_parent,40735722,10,
BBCA/Final_LK BCA 1222 (Indo)_260123_combined.pdf,eps_basic,330,10,
BBCA/Final_LK BCA 1222 (Indo)_260123_combined.pdf,total_assets,1314731674,7,
BBCA/Final_LK BCA 1222 (Indo)_260123_combined.pdf,total_liabilities,1087109644,8,"excludes dana syirkah temporer 6,440,375"
BBCA/Final_LK BCA 1222 (Indo)_260123_combined.pdf,total_equity,221181655,8,
BBCA/Final_LK BCA 1222 (Indo)_260123_combined.pdf,equity_parent,221018606,8,
BBCA/Final_LK BCA 1222 (Indo)_260123_combined.pdf,current_assets,NA,,bank
BBCA/Final_LK BCA 1222 (Indo)_260123_combined.pdf,current_liabilities,NA,,bank
BBCA/Final_LK BCA 1222 (Indo)_260123_combined.pdf,cfo,33779263,13,
BBCA/Final_LK BCA 1222 (Indo)_260123_combined.pdf,shares_issued,123275050000,8,
BBCA/cab16f71cd_0fad22895f.pdf,doc_type,AR_WITH_FS,540,
BBCA/cab16f71cd_0fad22895f.pdf,period_end,2024-12-31,540,
BBCA/cab16f71cd_0fad22895f.pdf,currency,IDR,540,
BBCA/cab16f71cd_0fad22895f.pdf,scale,1000000,540,
BBCA/cab16f71cd_0fad22895f.pdf,is_bank,true,540,
BBCA/cab16f71cd_0fad22895f.pdf,bs_page,540,540,
BBCA/cab16f71cd_0fad22895f.pdf,is_page,542,542,
BBCA/cab16f71cd_0fad22895f.pdf,cf_page,546,546,
BBCA/cab16f71cd_0fad22895f.pdf,revenue,108306541,542,"net interest and sharia income 82,264,164 + total other operating income 26,042,377"
BBCA/cab16f71cd_0fad22895f.pdf,net_income_parent,54836305,543,
BBCA/cab16f71cd_0fad22895f.pdf,eps_basic,445,543,
BBCA/cab16f71cd_0fad22895f.pdf,total_assets,1449301328,540,
BBCA/cab16f71cd_0fad22895f.pdf,total_liabilities,1177403108,541,excludes temporary syirkah deposits
BBCA/cab16f71cd_0fad22895f.pdf,total_equity,262835087,541,
BBCA/cab16f71cd_0fad22895f.pdf,equity_parent,262640621,541,
BBCA/cab16f71cd_0fad22895f.pdf,current_assets,NA,,bank
BBCA/cab16f71cd_0fad22895f.pdf,current_liabilities,NA,,bank
BBCA/cab16f71cd_0fad22895f.pdf,cfo,53820229,546,
BBCA/cab16f71cd_0fad22895f.pdf,shares_issued,123275050000,541,
BBCA/fae9a1181f_ca4467ff4f.pdf,doc_type,NO_FS,,Sustainability report 2023 (Laporan Keberlanjutan)
BBCA/fae9a1181f_ca4467ff4f.pdf,period_end,NA,,
BBCA/fae9a1181f_ca4467ff4f.pdf,currency,NA,,
BBCA/fae9a1181f_ca4467ff4f.pdf,scale,NA,,
BBCA/fae9a1181f_ca4467ff4f.pdf,is_bank,NA,,
BBCA/fae9a1181f_ca4467ff4f.pdf,bs_page,NA,,
BBCA/fae9a1181f_ca4467ff4f.pdf,is_page,NA,,
BBCA/fae9a1181f_ca4467ff4f.pdf,cf_page,NA,,
BBCA/fae9a1181f_ca4467ff4f.pdf,revenue,NA,,
BBCA/fae9a1181f_ca4467ff4f.pdf,net_income_parent,NA,,
BBCA/fae9a1181f_ca4467ff4f.pdf,eps_basic,NA,,
BBCA/fae9a1181f_ca4467ff4f.pdf,total_assets,NA,,
BBCA/fae9a1181f_ca4467ff4f.pdf,total_liabilities,NA,,
BBCA/fae9a1181f_ca4467ff4f.pdf,total_equity,NA,,
BBCA/fae9a1181f_ca4467ff4f.pdf,equity_parent,NA,,
BBCA/fae9a1181f_ca4467ff4f.pdf,current_assets,NA,,
BBCA/fae9a1181f_ca4467ff4f.pdf,current_liabilities,NA,,
BBCA/fae9a1181f_ca4467ff4f.pdf,cfo,NA,,
BBCA/fae9a1181f_ca4467ff4f.pdf,shares_issued,NA,,
BRMS/2608db2100_2393ed7506.pdf,doc_type,AR_WITH_FS,234,
BRMS/2608db2100_2393ed7506.pdf,period_end,2025-12-31,234,
BRMS/2608db2100_2393ed7506.pdf,currency,USD,234,
BRMS/2608db2100_2393ed7506.pdf,scale,1,234,
BRMS/2608db2100_2393ed7506.pdf,is_bank,false,234,
BRMS/2608db2100_2393ed7506.pdf,bs_page,234,234,
BRMS/2608db2100_2393ed7506.pdf,is_page,236,236,
BRMS/2608db2100_2393ed7506.pdf,cf_page,239,239,
BRMS/2608db2100_2393ed7506.pdf,revenue,249354352,236,PENJUALAN (sales)
BRMS/2608db2100_2393ed7506.pdf,net_income_parent,50009777,236,
BRMS/2608db2100_2393ed7506.pdf,eps_basic,0.35,236,"eps printed per 1,000 shares (LABA PER 1.000 SAHAM), not per share"
BRMS/2608db2100_2393ed7506.pdf,total_assets,1310548105,234,
BRMS/2608db2100_2393ed7506.pdf,total_liabilities,266010135,235,
BRMS/2608db2100_2393ed7506.pdf,total_equity,1044537970,235,
BRMS/2608db2100_2393ed7506.pdf,equity_parent,1250986600,235,
BRMS/2608db2100_2393ed7506.pdf,current_assets,266086731,234,
BRMS/2608db2100_2393ed7506.pdf,current_liabilities,87414353,235,
BRMS/2608db2100_2393ed7506.pdf,cfo,64863059,239,
BRMS/2608db2100_2393ed7506.pdf,shares_issued,141784040338,235,"sum of series A 25,570,150,644 + series B 116,213,889,694 printed on BS"
BRMS/BRM Final Report 31 Des 2024.pdf,doc_type,FS,10,
BRMS/BRM Final Report 31 Des 2024.pdf,period_end,2024-12-31,10,
BRMS/BRM Final Report 31 Des 2024.pdf,currency,USD,10,
BRMS/BRM Final Report 31 Des 2024.pdf,scale,1,10,
BRMS/BRM Final Report 31 Des 2024.pdf,is_bank,false,10,
BRMS/BRM Final Report 31 Des 2024.pdf,bs_page,10,10,
BRMS/BRM Final Report 31 Des 2024.pdf,is_page,12,12,
BRMS/BRM Final Report 31 Des 2024.pdf,cf_page,15,15,
BRMS/BRM Final Report 31 Des 2024.pdf,revenue,162344778,12,
BRMS/BRM Final Report 31 Des 2024.pdf,net_income_parent,24407414,12,
BRMS/BRM Final Report 31 Des 2024.pdf,eps_basic,0.17,12,"eps printed per 1,000 shares (LABA PER 1.000 SAHAM), not per share"
BRMS/BRM Final Report 31 Des 2024.pdf,total_assets,1154868810,10,
BRMS/BRM Final Report 31 Des 2024.pdf,total_liabilities,160402196,11,
BRMS/BRM Final Report 31 Des 2024.pdf,total_equity,994466614,11,
BRMS/BRM Final Report 31 Des 2024.pdf,equity_parent,1200991795,11,
BRMS/BRM Final Report 31 Des 2024.pdf,current_assets,177105828,10,
BRMS/BRM Final Report 31 Des 2024.pdf,current_liabilities,147218947,11,
BRMS/BRM Final Report 31 Des 2024.pdf,cfo,22423275,15,
BRMS/BRM Final Report 31 Des 2024.pdf,shares_issued,141784040338,11,"sum of series A 25,570,150,644 + series B 116,213,889,694 printed on BS"
BRMS/Laporan keuangan audit PT BRMS 31 Des 2022.pdf,doc_type,FS,10,
BRMS/Laporan keuangan audit PT BRMS 31 Des 2022.pdf,period_end,2022-12-31,10,
BRMS/Laporan keuangan audit PT BRMS 31 Des 2022.pdf,currency,USD,10,
BRMS/Laporan keuangan audit PT BRMS 31 Des 2022.pdf,scale,1,10,
BRMS/Laporan keuangan audit PT BRMS 31 Des 2022.pdf,is_bank,false,10,
BRMS/Laporan keuangan audit PT BRMS 31 Des 2022.pdf,bs_page,10,10,
BRMS/Laporan keuangan audit PT BRMS 31 Des 2022.pdf,is_page,12,12,
BRMS/Laporan keuangan audit PT BRMS 31 Des 2022.pdf,cf_page,15,15,CF statement on p15 carries a mislabeled posisi keuangan header
BRMS/Laporan keuangan audit PT BRMS 31 Des 2022.pdf,revenue,11644445,12,
BRMS/Laporan keuangan audit PT BRMS 31 Des 2022.pdf,net_income_parent,13655828,12,
BRMS/Laporan keuangan audit PT BRMS 31 Des 2022.pdf,eps_basic,0.1,12,"eps printed per 1,000 shares (LABA PER 1.000 SAHAM), not per share"
BRMS/Laporan keuangan audit PT BRMS 31 Des 2022.pdf,total_assets,1080234251,10,
BRMS/Laporan keuangan audit PT BRMS 31 Des 2022.pdf,total_liabilities,125116714,11,
BRMS/Laporan keuangan audit PT BRMS 31 Des 2022.pdf,total_equity,955117537,11,
BRMS/Laporan keuangan audit PT BRMS 31 Des 2022.pdf,equity_parent,1162629581,11,
BRMS/Laporan keuangan audit PT BRMS 31 Des 2022.pdf,current_assets,178046949,10,
BRMS/Laporan keuangan audit PT BRMS 31 Des 2022.pdf,current_liabilities,66496368,11,
BRMS/Laporan keuangan audit PT BRMS 31 Des 2022.pdf,cfo,4038670,15,
BRMS/Laporan keuangan audit PT BRMS 31 Des 2022.pdf,shares_issued,141784040238,11,"sum of printed series A 25,570,150,644 + series B 116,213,889,594 (printed 594; 2024 report shows ...694 for same series B, possible typo in source)"
BRMS/cf323c0ee6_9b0d1197d9.pdf,doc_type,NO_FS,,2023 Sustainability Report
BRMS/cf323c0ee6_9b0d1197d9.pdf,period_end,NA,,
BRMS/cf323c0ee6_9b0d1197d9.pdf,currency,NA,,
BRMS/cf323c0ee6_9b0d1197d9.pdf,scale,NA,,
BRMS/cf323c0ee6_9b0d1197d9.pdf,is_bank,NA,,
BRMS/cf323c0ee6_9b0d1197d9.pdf,bs_page,NA,,
BRMS/cf323c0ee6_9b0d1197d9.pdf,is_page,NA,,
BRMS/cf323c0ee6_9b0d1197d9.pdf,cf_page,NA,,
BRMS/cf323c0ee6_9b0d1197d9.pdf,revenue,NA,,
BRMS/cf323c0ee6_9b0d1197d9.pdf,net_income_parent,NA,,
BRMS/cf323c0ee6_9b0d1197d9.pdf,eps_basic,NA,,
BRMS/cf323c0ee6_9b0d1197d9.pdf,total_assets,NA,,
BRMS/cf323c0ee6_9b0d1197d9.pdf,total_liabilities,NA,,
BRMS/cf323c0ee6_9b0d1197d9.pdf,total_equity,NA,,
BRMS/cf323c0ee6_9b0d1197d9.pdf,equity_parent,NA,,
BRMS/cf323c0ee6_9b0d1197d9.pdf,current_assets,NA,,
BRMS/cf323c0ee6_9b0d1197d9.pdf,current_liabilities,NA,,
BRMS/cf323c0ee6_9b0d1197d9.pdf,cfo,NA,,
BRMS/cf323c0ee6_9b0d1197d9.pdf,shares_issued,NA,,
BRPT/BRPT Final Audit  31 Desember 2022.pdf,doc_type,FS,11,
BRPT/BRPT Final Audit  31 Desember 2022.pdf,period_end,2022-12-31,11,
BRPT/BRPT Final Audit  31 Desember 2022.pdf,currency,USD,11,
BRPT/BRPT Final Audit  31 Desember 2022.pdf,scale,1000,11,
BRPT/BRPT Final Audit  31 Desember 2022.pdf,is_bank,false,11,
BRPT/BRPT Final Audit  31 Desember 2022.pdf,bs_page,11,11,
BRPT/BRPT Final Audit  31 Desember 2022.pdf,is_page,13,13,
BRPT/BRPT Final Audit  31 Desember 2022.pdf,cf_page,15,15,
BRPT/BRPT Final Audit  31 Desember 2022.pdf,revenue,2961532,13,
BRPT/BRPT Final Audit  31 Desember 2022.pdf,net_income_parent,1759,13,
BRPT/BRPT Final Audit  31 Desember 2022.pdf,eps_basic,0.00002,13,"printed 0,00002 USD full amount"
BRPT/BRPT Final Audit  31 Desember 2022.pdf,total_assets,9248254,11,
BRPT/BRPT Final Audit  31 Desember 2022.pdf,total_liabilities,5526357,12,
BRPT/BRPT Final Audit  31 Desember 2022.pdf,total_equity,3721897,12,
BRPT/BRPT Final Audit  31 Desember 2022.pdf,equity_parent,1579950,12,
BRPT/BRPT Final Audit  31 Desember 2022.pdf,current_assets,2878122,11,
BRPT/BRPT Final Audit  31 Desember 2022.pdf,current_liabilities,778629,12,
BRPT/BRPT Final Audit  31 Desember 2022.pdf,cfo,-132862,15,
BRPT/BRPT Final Audit  31 Desember 2022.pdf,shares_issued,93747218044,12,
BRPT/BRPT Final FS Report 31 Desember 2024.pdf,doc_type,FS,13,
BRPT/BRPT Final FS Report 31 Desember 2024.pdf,period_end,2024-12-31,13,
BRPT/BRPT Final FS Report 31 Desember 2024.pdf,currency,USD,13,
BRPT/BRPT Final FS Report 31 Desember 2024.pdf,scale,1000,13,
BRPT/BRPT Final FS Report 31 Desember 2024.pdf,is_bank,false,13,
BRPT/BRPT Final FS Report 31 Desember 2024.pdf,bs_page,13,13,
BRPT/BRPT Final FS Report 31 Desember 2024.pdf,is_page,15,15,
BRPT/BRPT Final FS Report 31 Desember 2024.pdf,cf_page,17,17,
BRPT/BRPT Final FS Report 31 Desember 2024.pdf,revenue,2386995,15,
BRPT/BRPT Final FS Report 31 Desember 2024.pdf,net_income_parent,56484,15,
BRPT/BRPT Final FS Report 31 Desember 2024.pdf,eps_basic,0.0006,15,"printed 0,00060 USD full amount"
BRPT/BRPT Final FS Report 31 Desember 2024.pdf,total_assets,10532564,13,
BRPT/BRPT Final FS Report 31 Desember 2024.pdf,total_liabilities,6344579,14,
BRPT/BRPT Final FS Report 31 Desember 2024.pdf,total_equity,4187985,14,
BRPT/BRPT Final FS Report 31 Desember 2024.pdf,equity_parent,1727829,14,
BRPT/BRPT Final FS Report 31 Desember 2024.pdf,current_assets,3493519,13,
BRPT/BRPT Final FS Report 31 Desember 2024.pdf,current_liabilities,1433953,14,
BRPT/BRPT Final FS Report 31 Desember 2024.pdf,cfo,-110181,17,
BRPT/BRPT Final FS Report 31 Desember 2024.pdf,shares_issued,93747218044,14,
BRPT/Final Report BRPT 31 Desember 2023.pdf,doc_type,FS,13,
BRPT/Final Report BRPT 31 Desember 2023.pdf,period_end,2023-12-31,13,
BRPT/Final Report BRPT 31 Desember 2023.pdf,currency,USD,13,
BRPT/Final Report BRPT 31 Desember 2023.pdf,scale,1000,13,
BRPT/Final Report BRPT 31 Desember 2023.pdf,is_bank,false,13,
BRPT/Final Report BRPT 31 Desember 2023.pdf,bs_page,13,13,
BRPT/Final Report BRPT 31 Desember 2023.pdf,is_page,15,15,
BRPT/Final Report BRPT 31 Desember 2023.pdf,cf_page,17,17,
BRPT/Final Report BRPT 31 Desember 2023.pdf,revenue,2760359,15,
BRPT/Final Report BRPT 31 Desember 2023.pdf,net_income_parent,26116,15,
BRPT/Final Report BRPT 31 Desember 2023.pdf,eps_basic,0.00028,15,"printed 0,00028 USD full amount"
BRPT/Final Report BRPT 31 Desember 2023.pdf,total_assets,10149666,13,
BRPT/Final Report BRPT 31 Desember 2023.pdf,total_liabilities,6037737,14,
BRPT/Final Report BRPT 31 Desember 2023.pdf,total_equity,4111929,14,
BRPT/Final Report BRPT 31 Desember 2023.pdf,equity_parent,1688393,14,
BRPT/Final Report BRPT 31 Desember 2023.pdf,current_assets,3624849,13,
BRPT/Final Report BRPT 31 Desember 2023.pdf,current_liabilities,1137497,14,
BRPT/Final Report BRPT 31 Desember 2023.pdf,cfo,140504,17,
BRPT/Final Report BRPT 31 Desember 2023.pdf,shares_issued,93747218044,14,
BRPT/BRPT Final Report  31 Maret 2025.pdf,doc_type,FS,4,
BRPT/BRPT Final Report  31 Maret 2025.pdf,period_end,2025-03-31,4,
BRPT/BRPT Final Report  31 Maret 2025.pdf,currency,USD,4,
BRPT/BRPT Final Report  31 Maret 2025.pdf,scale,1000,4,
BRPT/BRPT Final Report  31 Maret 2025.pdf,is_bank,false,4,
BRPT/BRPT Final Report  31 Maret 2025.pdf,bs_page,4,4,
BRPT/BRPT Final Report  31 Maret 2025.pdf,is_page,6,6,
BRPT/BRPT Final Report  31 Maret 2025.pdf,cf_page,8,8,
BRPT/BRPT Final Report  31 Maret 2025.pdf,revenue,773749,6,
BRPT/BRPT Final Report  31 Maret 2025.pdf,net_income_parent,16160,6,
BRPT/BRPT Final Report  31 Maret 2025.pdf,eps_basic,0.00017,6,"printed 0,00017 USD full amount"
BRPT/BRPT Final Report  31 Maret 2025.pdf,total_assets,10892656,4,
BRPT/BRPT Final Report  31 Maret 2025.pdf,total_liabilities,6536878,5,
BRPT/BRPT Final Report  31 Maret 2025.pdf,total_equity,4355778,5,
BRPT/BRPT Final Report  31 Maret 2025.pdf,equity_parent,1731631,5,
BRPT/BRPT Final Report  31 Maret 2025.pdf,current_assets,3839551,4,
BRPT/BRPT Final Report  31 Maret 2025.pdf,current_liabilities,1005727,5,
BRPT/BRPT Final Report  31 Maret 2025.pdf,cfo,-316517,8,three-month period
BRPT/BRPT Final Report  31 Maret 2025.pdf,shares_issued,93747218044,5,
BRPT/PT Barito Pacific Tbk - 30 Juni 2025.pdf,doc_type,FS,4,
BRPT/PT Barito Pacific Tbk - 30 Juni 2025.pdf,period_end,2025-06-30,4,
BRPT/PT Barito Pacific Tbk - 30 Juni 2025.pdf,currency,USD,4,
BRPT/PT Barito Pacific Tbk - 30 Juni 2025.pdf,scale,1000,4,
BRPT/PT Barito Pacific Tbk - 30 Juni 2025.pdf,is_bank,false,4,
BRPT/PT Barito Pacific Tbk - 30 Juni 2025.pdf,bs_page,4,4,
BRPT/PT Barito Pacific Tbk - 30 Juni 2025.pdf,is_page,6,6,
BRPT/PT Barito Pacific Tbk - 30 Juni 2025.pdf,cf_page,8,8,
BRPT/PT Barito Pacific Tbk - 30 Juni 2025.pdf,revenue,3228598,6,
BRPT/PT Barito Pacific Tbk - 30 Juni 2025.pdf,net_income_parent,539824,6,
BRPT/PT Barito Pacific Tbk - 30 Juni 2025.pdf,eps_basic,0.00576,6,"printed 0,00576 USD full amount"
BRPT/PT Barito Pacific Tbk - 30 Juni 2025.pdf,total_assets,15190021,4,
BRPT/PT Barito Pacific Tbk - 30 Juni 2025.pdf,total_liabilities,8984082,5,
BRPT/PT Barito Pacific Tbk - 30 Juni 2025.pdf,total_equity,6205939,5,
BRPT/PT Barito Pacific Tbk - 30 Juni 2025.pdf,equity_parent,2234528,5,
BRPT/PT Barito Pacific Tbk - 30 Juni 2025.pdf,current_assets,6595204,4,
BRPT/PT Barito Pacific Tbk - 30 Juni 2025.pdf,current_liabilities,2244498,5,
BRPT/PT Barito Pacific Tbk - 30 Juni 2025.pdf,cfo,-50058,8,six-month period
BRPT/PT Barito Pacific Tbk - 30 Juni 2025.pdf,shares_issued,93747218044,5,
BUMI/BUMI - Laporan Keuangan Tahunan 31 Desember 2024.pdf,doc_type,FS,11,
BUMI/BUMI - Laporan Keuangan Tahunan 31 Desember 2024.pdf,period_end,2024-12-31,11,
BUMI/BUMI - Laporan Keuangan Tahunan 31 Desember 2024.pdf,currency,USD,11,
BUMI/BUMI - Laporan Keuangan Tahunan 31 Desember 2024.pdf,scale,1,11,
BUMI/BUMI - Laporan Keuangan Tahunan 31 Desember 2024.pdf,is_bank,false,11,
BUMI/BUMI - Laporan Keuangan Tahunan 31 Desember 2024.pdf,bs_page,11,11,
BUMI/BUMI - Laporan Keuangan Tahunan 31 Desember 2024.pdf,is_page,13,13,
BUMI/BUMI - Laporan Keuangan Tahunan 31 Desember 2024.pdf,cf_page,15,15,
BUMI/BUMI - Laporan Keuangan Tahunan 31 Desember 2024.pdf,revenue,1359679473,13,
BUMI/BUMI - Laporan Keuangan Tahunan 31 Desember 2024.pdf,net_income_parent,67478079,13,
BUMI/BUMI - Laporan Keuangan Tahunan 31 Desember 2024.pdf,eps_basic,0.18,13,"printed per 1,000 shares (LABA PER 1.000 SAHAM)"
BUMI/BUMI - Laporan Keuangan Tahunan 31 Desember 2024.pdf,total_assets,4163401077,11,
BUMI/BUMI - Laporan Keuangan Tahunan 31 Desember 2024.pdf,total_liabilities,1299156719,12,
BUMI/BUMI - Laporan Keuangan Tahunan 31 Desember 2024.pdf,total_equity,2864244358,12,
BUMI/BUMI - Laporan Keuangan Tahunan 31 Desember 2024.pdf,equity_parent,1610027890,12,
BUMI/BUMI - Laporan Keuangan Tahunan 31 Desember 2024.pdf,current_assets,772663660,11,
BUMI/BUMI - Laporan Keuangan Tahunan 31 Desember 2024.pdf,current_liabilities,768495062,12,
BUMI/BUMI - Laporan Keuangan Tahunan 31 Desember 2024.pdf,cfo,-5108137,15,
BUMI/BUMI - Laporan Keuangan Tahunan 31 Desember 2024.pdf,shares_issued,371335392068,12,
BUMI/5203f5787d_9ab131bdf3.pdf,doc_type,NO_FS,,2023 Sustainability Report (Laporan Keberlanjutan)
BUMI/5203f5787d_9ab131bdf3.pdf,period_end,NA,,
BUMI/5203f5787d_9ab131bdf3.pdf,currency,NA,,
BUMI/5203f5787d_9ab131bdf3.pdf,scale,NA,,
BUMI/5203f5787d_9ab131bdf3.pdf,is_bank,NA,,
BUMI/5203f5787d_9ab131bdf3.pdf,bs_page,NA,,
BUMI/5203f5787d_9ab131bdf3.pdf,is_page,NA,,
BUMI/5203f5787d_9ab131bdf3.pdf,cf_page,NA,,
BUMI/5203f5787d_9ab131bdf3.pdf,revenue,NA,,
BUMI/5203f5787d_9ab131bdf3.pdf,net_income_parent,NA,,
BUMI/5203f5787d_9ab131bdf3.pdf,eps_basic,NA,,
BUMI/5203f5787d_9ab131bdf3.pdf,total_assets,NA,,
BUMI/5203f5787d_9ab131bdf3.pdf,total_liabilities,NA,,
BUMI/5203f5787d_9ab131bdf3.pdf,total_equity,NA,,
BUMI/5203f5787d_9ab131bdf3.pdf,equity_parent,NA,,
BUMI/5203f5787d_9ab131bdf3.pdf,current_assets,NA,,
BUMI/5203f5787d_9ab131bdf3.pdf,current_liabilities,NA,,
BUMI/5203f5787d_9ab131bdf3.pdf,cfo,NA,,
BUMI/5203f5787d_9ab131bdf3.pdf,shares_issued,NA,,
BUMI/7cb5eeacc9_2f9f3152e3.pdf,doc_type,AR_WITH_FS,350,
BUMI/7cb5eeacc9_2f9f3152e3.pdf,period_end,2025-12-31,350,
BUMI/7cb5eeacc9_2f9f3152e3.pdf,currency,USD,350,
BUMI/7cb5eeacc9_2f9f3152e3.pdf,scale,1,350,
BUMI/7cb5eeacc9_2f9f3152e3.pdf,is_bank,false,350,
BUMI/7cb5eeacc9_2f9f3152e3.pdf,bs_page,350,350,
BUMI/7cb5eeacc9_2f9f3152e3.pdf,is_page,352,352,
BUMI/7cb5eeacc9_2f9f3152e3.pdf,cf_page,354,354,
BUMI/7cb5eeacc9_2f9f3152e3.pdf,revenue,1424767199,352,
BUMI/7cb5eeacc9_2f9f3152e3.pdf,net_income_parent,81011806,352,
BUMI/7cb5eeacc9_2f9f3152e3.pdf,eps_basic,0.22,352,"printed per 1,000 shares (LABA PER 1.000 SAHAM)"
BUMI/7cb5eeacc9_2f9f3152e3.pdf,total_assets,4218609825,350,
BUMI/7cb5eeacc9_2f9f3152e3.pdf,total_liabilities,1330687156,351,
BUMI/7cb5eeacc9_2f9f3152e3.pdf,total_equity,2887922669,351,
BUMI/7cb5eeacc9_2f9f3152e3.pdf,equity_parent,1615319619,351,
BUMI/7cb5eeacc9_2f9f3152e3.pdf,current_assets,736214208,350,
BUMI/7cb5eeacc9_2f9f3152e3.pdf,current_liabilities,588479137,351,
BUMI/7cb5eeacc9_2f9f3152e3.pdf,cfo,58625743,354,
BUMI/7cb5eeacc9_2f9f3152e3.pdf,shares_issued,371335392068,351,"issued and fully paid 371,335,392,068 shares printed on BS (p351)"
CUAN/CUAN Final Report 31 Des 2023.pdf,doc_type,FS,4,
CUAN/CUAN Final Report 31 Des 2023.pdf,period_end,2023-12-31,4,
CUAN/CUAN Final Report 31 Des 2023.pdf,currency,IDR,4,
CUAN/CUAN Final Report 31 Des 2023.pdf,scale,1,4,
CUAN/CUAN Final Report 31 Des 2023.pdf,is_bank,false,4,
CUAN/CUAN Final Report 31 Des 2023.pdf,bs_page,4,4,
CUAN/CUAN Final Report 31 Des 2023.pdf,is_page,6,6,
CUAN/CUAN Final Report 31 Des 2023.pdf,cf_page,9,9,
CUAN/CUAN Final Report 31 Des 2023.pdf,revenue,1494125816458,6,
CUAN/CUAN Final Report 31 Des 2023.pdf,net_income_parent,238327371773,7,
CUAN/CUAN Final Report 31 Des 2023.pdf,eps_basic,22,7,printed 22 (full Rupiah)
CUAN/CUAN Final Report 31 Des 2023.pdf,total_assets,3546628986598,4,
CUAN/CUAN Final Report 31 Des 2023.pdf,total_liabilities,1685901142893,5,
CUAN/CUAN Final Report 31 Des 2023.pdf,total_equity,1860727843705,5,
CUAN/CUAN Final Report 31 Des 2023.pdf,equity_parent,1672510830190,5,
CUAN/CUAN Final Report 31 Des 2023.pdf,current_assets,2544288383576,4,
CUAN/CUAN Final Report 31 Des 2023.pdf,current_liabilities,729080181868,5,
CUAN/CUAN Final Report 31 Des 2023.pdf,cfo,-17084728300,9,
CUAN/CUAN Final Report 31 Des 2023.pdf,shares_issued,11241890000,5,
CUAN/CUAN Final Report 31 Des 2024.pdf,doc_type,FS,4,
CUAN/CUAN Final Report 31 Des 2024.pdf,period_end,2024-12-31,4,
CUAN/CUAN Final Report 31 Des 2024.pdf,currency,USD,4,
CUAN/CUAN Final Report 31 Des 2024.pdf,scale,1000,4,
CUAN/CUAN Final Report 31 Des 2024.pdf,is_bank,false,4,
CUAN/CUAN Final Report 31 Des 2024.pdf,bs_page,4,4,
CUAN/CUAN Final Report 31 Des 2024.pdf,is_page,7,7,
CUAN/CUAN Final Report 31 Des 2024.pdf,cf_page,10,10,
CUAN/CUAN Final Report 31 Des 2024.pdf,revenue,801723,7,
CUAN/CUAN Final Report 31 Des 2024.pdf,net_income_parent,160785,8,
CUAN/CUAN Final Report 31 Des 2024.pdf,eps_basic,0.014,8,"printed 0,014 USD full amount"
CUAN/CUAN Final Report 31 Des 2024.pdf,total_assets,1777796,4,
CUAN/CUAN Final Report 31 Des 2024.pdf,total_liabilities,1211897,5,
CUAN/CUAN Final Report 31 Des 2024.pdf,total_equity,565899,6,
CUAN/CUAN Final Report 31 Des 2024.pdf,equity_parent,306151,6,
CUAN/CUAN Final Report 31 Des 2024.pdf,current_assets,677691,4,
CUAN/CUAN Final Report 31 Des 2024.pdf,current_liabilities,347193,5,
CUAN/CUAN Final Report 31 Des 2024.pdf,cfo,-2649,10,Net cash used in operating activities (2.649) after finance/tax payments
CUAN/CUAN Final Report 31 Des 2024.pdf,shares_issued,11241890000,6,
CUAN/CUAN Final Report 31 Des 2025.pdf,doc_type,FS,4,
CUAN/CUAN Final Report 31 Des 2025.pdf,period_end,2025-12-31,4,
CUAN/CUAN Final Report 31 Des 2025.pdf,currency,USD,4,
CUAN/CUAN Final Report 31 Des 2025.pdf,scale,1000,4,
CUAN/CUAN Final Report 31 Des 2025.pdf,is_bank,false,4,
CUAN/CUAN Final Report 31 Des 2025.pdf,bs_page,4,4,
CUAN/CUAN Final Report 31 Des 2025.pdf,is_page,7,7,
CUAN/CUAN Final Report 31 Des 2025.pdf,cf_page,10,10,
CUAN/CUAN Final Report 31 Des 2025.pdf,revenue,1215618,7,
CUAN/CUAN Final Report 31 Des 2025.pdf,net_income_parent,134567,8,
CUAN/CUAN Final Report 31 Des 2025.pdf,eps_basic,0.0012,8,"printed 0,0012 USD full amount"
CUAN/CUAN Final Report 31 Des 2025.pdf,total_assets,2691110,4,
CUAN/CUAN Final Report 31 Des 2025.pdf,total_liabilities,2064700,5,
CUAN/CUAN Final Report 31 Des 2025.pdf,total_equity,626410,6,
CUAN/CUAN Final Report 31 Des 2025.pdf,equity_parent,339384,6,
CUAN/CUAN Final Report 31 Des 2025.pdf,current_assets,1028215,4,
CUAN/CUAN Final Report 31 Des 2025.pdf,current_liabilities,605725,5,
CUAN/CUAN Final Report 31 Des 2025.pdf,cfo,-27591,10,
CUAN/CUAN Final Report 31 Des 2025.pdf,shares_issued,112418900000,6,
CUAN/Report CUAN as of 30 Sept 2025 - Final.pdf,doc_type,FS,4,
CUAN/Report CUAN as of 30 Sept 2025 - Final.pdf,period_end,2025-09-30,4,
CUAN/Report CUAN as of 30 Sept 2025 - Final.pdf,currency,USD,4,
CUAN/Report CUAN as of 30 Sept 2025 - Final.pdf,scale,1000,4,
CUAN/Report CUAN as of 30 Sept 2025 - Final.pdf,is_bank,false,4,
CUAN/Report CUAN as of 30 Sept 2025 - Final.pdf,bs_page,4,4,
CUAN/Report CUAN as of 30 Sept 2025 - Final.pdf,is_page,7,7,
CUAN/Report CUAN as of 30 Sept 2025 - Final.pdf,cf_page,10,10,
CUAN/Report CUAN as of 30 Sept 2025 - Final.pdf,revenue,796627,7,
CUAN/Report CUAN as of 30 Sept 2025 - Final.pdf,net_income_parent,16148,8,
CUAN/Report CUAN as of 30 Sept 2025 - Final.pdf,eps_basic,0.0001,8,"printed 0,0001 USD full amount"
CUAN/Report CUAN as of 30 Sept 2025 - Final.pdf,total_assets,2397168,4,
CUAN/Report CUAN as of 30 Sept 2025 - Final.pdf,total_liabilities,1798132,5,
CUAN/Report CUAN as of 30 Sept 2025 - Final.pdf,total_equity,599036,6,
CUAN/Report CUAN as of 30 Sept 2025 - Final.pdf,equity_parent,318915,6,
CUAN/Report CUAN as of 30 Sept 2025 - Final.pdf,current_assets,841788,4,
CUAN/Report CUAN as of 30 Sept 2025 - Final.pdf,current_liabilities,570819,5,
CUAN/Report CUAN as of 30 Sept 2025 - Final.pdf,cfo,-12569,10,nine-month period
CUAN/Report CUAN as of 30 Sept 2025 - Final.pdf,shares_issued,112418900000,6,
CUAN/Final Report CUAN 31 Mar 2026.pdf,doc_type,FS,4,
CUAN/Final Report CUAN 31 Mar 2026.pdf,period_end,2026-03-31,4,
CUAN/Final Report CUAN 31 Mar 2026.pdf,currency,USD,4,
CUAN/Final Report CUAN 31 Mar 2026.pdf,scale,1000,4,
CUAN/Final Report CUAN 31 Mar 2026.pdf,is_bank,false,4,
CUAN/Final Report CUAN 31 Mar 2026.pdf,bs_page,4,4,
CUAN/Final Report CUAN 31 Mar 2026.pdf,is_page,7,7,
CUAN/Final Report CUAN 31 Mar 2026.pdf,cf_page,10,10,
CUAN/Final Report CUAN 31 Mar 2026.pdf,revenue,371330,7,
CUAN/Final Report CUAN 31 Mar 2026.pdf,net_income_parent,5698,8,
CUAN/Final Report CUAN 31 Mar 2026.pdf,eps_basic,0.0001,8,"printed 0,0001 USD full amount"
CUAN/Final Report CUAN 31 Mar 2026.pdf,total_assets,2758164,4,
CUAN/Final Report CUAN 31 Mar 2026.pdf,total_liabilities,2129920,5,
CUAN/Final Report CUAN 31 Mar 2026.pdf,total_equity,628244,6,
CUAN/Final Report CUAN 31 Mar 2026.pdf,equity_parent,341323,6,
CUAN/Final Report CUAN 31 Mar 2026.pdf,current_assets,1102878,4,
CUAN/Final Report CUAN 31 Mar 2026.pdf,current_liabilities,634630,5,
CUAN/Final Report CUAN 31 Mar 2026.pdf,cfo,-45316,10,three-month period
CUAN/Final Report CUAN 31 Mar 2026.pdf,shares_issued,112418900000,6,
DSSA/17223884c0_e5bf00b546.pdf,doc_type,AR_WITH_FS,465,
DSSA/17223884c0_e5bf00b546.pdf,period_end,2025-12-31,465,
DSSA/17223884c0_e5bf00b546.pdf,currency,USD,465,
DSSA/17223884c0_e5bf00b546.pdf,scale,1,465,
DSSA/17223884c0_e5bf00b546.pdf,is_bank,false,465,
DSSA/17223884c0_e5bf00b546.pdf,bs_page,465,465,
DSSA/17223884c0_e5bf00b546.pdf,is_page,467,467,
DSSA/17223884c0_e5bf00b546.pdf,cf_page,469,469,
DSSA/17223884c0_e5bf00b546.pdf,revenue,2791216594,467,
DSSA/17223884c0_e5bf00b546.pdf,net_income_parent,230539143,467,
DSSA/17223884c0_e5bf00b546.pdf,eps_basic,0.0014,467,"printed 0,0014 USD; looks inconsistent with 7.7bn shares (likely post-split basis) but recorded as printed"
DSSA/17223884c0_e5bf00b546.pdf,total_assets,4414950126,465,
DSSA/17223884c0_e5bf00b546.pdf,total_liabilities,2153752494,466,
DSSA/17223884c0_e5bf00b546.pdf,total_equity,2261197632,466,
DSSA/17223884c0_e5bf00b546.pdf,equity_parent,1816771286,466,"subtotal ""Jumlah"" before non-controlling interests 444,426,346"
DSSA/17223884c0_e5bf00b546.pdf,current_assets,1821027538,465,
DSSA/17223884c0_e5bf00b546.pdf,current_liabilities,826081584,466,
DSSA/17223884c0_e5bf00b546.pdf,cfo,329748980,469,
DSSA/17223884c0_e5bf00b546.pdf,shares_issued,7705523200,466,"7,705,523,200 shares printed on BS"
DSSA/FS 31 Desember 2024.pdf,doc_type,FS,11,
DSSA/FS 31 Desember 2024.pdf,period_end,2024-12-31,11,
DSSA/FS 31 Desember 2024.pdf,currency,USD,11,
DSSA/FS 31 Desember 2024.pdf,scale,1,11,
DSSA/FS 31 Desember 2024.pdf,is_bank,false,11,
DSSA/FS 31 Desember 2024.pdf,bs_page,11,11,
DSSA/FS 31 Desember 2024.pdf,is_page,13,13,
DSSA/FS 31 Desember 2024.pdf,cf_page,15,15,
DSSA/FS 31 Desember 2024.pdf,revenue,3017796030,13,
DSSA/FS 31 Desember 2024.pdf,net_income_parent,309084793,13,
DSSA/FS 31 Desember 2024.pdf,eps_basic,0.05,13,"printed 0,05 USD"
DSSA/FS 31 Desember 2024.pdf,total_assets,3695071259,11,
DSSA/FS 31 Desember 2024.pdf,total_liabilities,1751491866,12,
DSSA/FS 31 Desember 2024.pdf,total_equity,1943579393,12,
DSSA/FS 31 Desember 2024.pdf,equity_parent,1608439898,12,"subtotal ""Jumlah"" before non-controlling interests 335,139,495"
DSSA/FS 31 Desember 2024.pdf,current_assets,1998334342,11,
DSSA/FS 31 Desember 2024.pdf,current_liabilities,857415119,12,
DSSA/FS 31 Desember 2024.pdf,cfo,693406133,15,
DSSA/FS 31 Desember 2024.pdf,shares_issued,7705523200,12,"7,705,523,200 shares printed (and 770,552,320 for 2023)"
DSSA/PT Dian Swastatika Sentosa Tbk 31 Desember 2023.pdf,doc_type,FS,12,
DSSA/PT Dian Swastatika Sentosa Tbk 31 Desember 2023.pdf,period_end,2023-12-31,12,
DSSA/PT Dian Swastatika Sentosa Tbk 31 Desember 2023.pdf,currency,USD,12,
DSSA/PT Dian Swastatika Sentosa Tbk 31 Desember 2023.pdf,scale,1,12,
DSSA/PT Dian Swastatika Sentosa Tbk 31 Desember 2023.pdf,is_bank,false,12,
DSSA/PT Dian Swastatika Sentosa Tbk 31 Desember 2023.pdf,bs_page,12,12,BS has 3 columns; first = 31 Dec 2023
DSSA/PT Dian Swastatika Sentosa Tbk 31 Desember 2023.pdf,is_page,14,14,
DSSA/PT Dian Swastatika Sentosa Tbk 31 Desember 2023.pdf,cf_page,16,16,
DSSA/PT Dian Swastatika Sentosa Tbk 31 Desember 2023.pdf,revenue,5014659972,14,
DSSA/PT Dian Swastatika Sentosa Tbk 31 Desember 2023.pdf,net_income_parent,426179191,14,
DSSA/PT Dian Swastatika Sentosa Tbk 31 Desember 2023.pdf,eps_basic,0.59,14,"printed 0,59 USD"
DSSA/PT Dian Swastatika Sentosa Tbk 31 Desember 2023.pdf,total_assets,3063273017,12,
DSSA/PT Dian Swastatika Sentosa Tbk 31 Desember 2023.pdf,total_liabilities,1342457831,13,
DSSA/PT Dian Swastatika Sentosa Tbk 31 Desember 2023.pdf,total_equity,1720815186,13,
DSSA/PT Dian Swastatika Sentosa Tbk 31 Desember 2023.pdf,equity_parent,1383424532,13,"subtotal ""Jumlah"" before non-controlling interests 337,390,654"
DSSA/PT Dian Swastatika Sentosa Tbk 31 Desember 2023.pdf,current_assets,1382739707,12,
DSSA/PT Dian Swastatika Sentosa Tbk 31 Desember 2023.pdf,current_liabilities,825666875,13,
DSSA/PT Dian Swastatika Sentosa Tbk 31 Desember 2023.pdf,cfo,1031089606,16,
DSSA/PT Dian Swastatika Sentosa Tbk 31 Desember 2023.pdf,shares_issued,770552320,13,
DSSA/f56fea3422_ad77d6d7dc.pdf,doc_type,AR_WITH_FS,361,
DSSA/f56fea3422_ad77d6d7dc.pdf,period_end,2022-12-31,361,
DSSA/f56fea3422_ad77d6d7dc.pdf,currency,USD,361,
DSSA/f56fea3422_ad77d6d7dc.pdf,scale,1,361,
DSSA/f56fea3422_ad77d6d7dc.pdf,is_bank,false,361,
DSSA/f56fea3422_ad77d6d7dc.pdf,bs_page,361,361,
DSSA/f56fea3422_ad77d6d7dc.pdf,is_page,363,363,
DSSA/f56fea3422_ad77d6d7dc.pdf,cf_page,365,365,
DSSA/f56fea3422_ad77d6d7dc.pdf,revenue,5956105798,363,
DSSA/f56fea3422_ad77d6d7dc.pdf,net_income_parent,595264821,363,
DSSA/f56fea3422_ad77d6d7dc.pdf,eps_basic,0.77,363,"printed 0,77 USD"
DSSA/f56fea3422_ad77d6d7dc.pdf,total_assets,6431179918,361,
DSSA/f56fea3422_ad77d6d7dc.pdf,total_liabilities,3439195930,362,
DSSA/f56fea3422_ad77d6d7dc.pdf,total_equity,2991983988,362,
DSSA/f56fea3422_ad77d6d7dc.pdf,equity_parent,2006665927,362,"subtotal ""Jumlah"" before non-controlling interests 985,318,061"
DSSA/f56fea3422_ad77d6d7dc.pdf,current_assets,2266938481,361,
DSSA/f56fea3422_ad77d6d7dc.pdf,current_liabilities,1667438300,362,
DSSA/f56fea3422_ad77d6d7dc.pdf,cfo,2092235518,365,
DSSA/f56fea3422_ad77d6d7dc.pdf,shares_issued,770552320,362,
ENRG/14f377b62e_f0f4422937.pdf,doc_type,AR_WITH_FS,360,
ENRG/14f377b62e_f0f4422937.pdf,period_end,2025-12-31,360,
ENRG/14f377b62e_f0f4422937.pdf,currency,USD,360,
ENRG/14f377b62e_f0f4422937.pdf,scale,1,360,
ENRG/14f377b62e_f0f4422937.pdf,is_bank,false,360,
ENRG/14f377b62e_f0f4422937.pdf,bs_page,360,360,
ENRG/14f377b62e_f0f4422937.pdf,is_page,363,363,
ENRG/14f377b62e_f0f4422937.pdf,cf_page,367,367,
ENRG/14f377b62e_f0f4422937.pdf,revenue,498126837,363,PENJUALAN NETO
ENRG/14f377b62e_f0f4422937.pdf,net_income_parent,91532975,364,
ENRG/14f377b62e_f0f4422937.pdf,eps_basic,0.00359,364,"printed 0,00359 USD"
ENRG/14f377b62e_f0f4422937.pdf,total_assets,1822321133,360,
ENRG/14f377b62e_f0f4422937.pdf,total_liabilities,999581022,361,
ENRG/14f377b62e_f0f4422937.pdf,total_equity,822740111,362,
ENRG/14f377b62e_f0f4422937.pdf,equity_parent,895709269,362,"""Neto"" subtotal before non-controlling interest"
ENRG/14f377b62e_f0f4422937.pdf,current_assets,206368479,360,
ENRG/14f377b62e_f0f4422937.pdf,current_liabilities,474232828,361,
ENRG/14f377b62e_f0f4422937.pdf,cfo,330016842,367,
ENRG/14f377b62e_f0f4422937.pdf,shares_issued,26346230250,362,"sum of Series A 6,138,347,970 + Series B 20,207,882,280 printed on BS"
ENRG/4ec4f5e859_3a7cf29866.pdf,doc_type,AR_WITH_FS,243,
ENRG/4ec4f5e859_3a7cf29866.pdf,period_end,2022-12-31,243,
ENRG/4ec4f5e859_3a7cf29866.pdf,currency,USD,243,
ENRG/4ec4f5e859_3a7cf29866.pdf,scale,1,243,
ENRG/4ec4f5e859_3a7cf29866.pdf,is_bank,false,243,
ENRG/4ec4f5e859_3a7cf29866.pdf,bs_page,243,243,"BS columns: 2022, 2021 restated, 1 Jan 2021"
ENRG/4ec4f5e859_3a7cf29866.pdf,is_page,246,246,
ENRG/4ec4f5e859_3a7cf29866.pdf,cf_page,250,250,
ENRG/4ec4f5e859_3a7cf29866.pdf,revenue,451939794,246,PENJUALAN NETO
ENRG/4ec4f5e859_3a7cf29866.pdf,net_income_parent,66752227,247,
ENRG/4ec4f5e859_3a7cf29866.pdf,eps_basic,0.00269,247,"printed 0,00269 USD"
ENRG/4ec4f5e859_3a7cf29866.pdf,total_assets,1194330408,243,
ENRG/4ec4f5e859_3a7cf29866.pdf,total_liabilities,679404122,244,
ENRG/4ec4f5e859_3a7cf29866.pdf,total_equity,514926286,245,
ENRG/4ec4f5e859_3a7cf29866.pdf,equity_parent,588009186,245,"""Neto"" subtotal before non-controlling interest"
ENRG/4ec4f5e859_3a7cf29866.pdf,current_assets,179989573,243,
ENRG/4ec4f5e859_3a7cf29866.pdf,current_liabilities,337653753,244,
ENRG/4ec4f5e859_3a7cf29866.pdf,cfo,157785455,250,
ENRG/4ec4f5e859_3a7cf29866.pdf,shares_issued,24821230250,245,"sum of Series A 6,138,347,970 + Series B 18,682,882,280 printed on BS"
ENRG/ENRG (Report-Billingual) 31 Dec 2023.pdf,doc_type,FS,11,
ENRG/ENRG (Report-Billingual) 31 Dec 2023.pdf,period_end,2023-12-31,11,
ENRG/ENRG (Report-Billingual) 31 Dec 2023.pdf,currency,USD,11,
ENRG/ENRG (Report-Billingual) 31 Dec 2023.pdf,scale,1,11,
ENRG/ENRG (Report-Billingual) 31 Dec 2023.pdf,is_bank,false,11,
ENRG/ENRG (Report-Billingual) 31 Dec 2023.pdf,bs_page,11,11,
ENRG/ENRG (Report-Billingual) 31 Dec 2023.pdf,is_page,14,14,
ENRG/ENRG (Report-Billingual) 31 Dec 2023.pdf,cf_page,18,18,
ENRG/ENRG (Report-Billingual) 31 Dec 2023.pdf,revenue,420775224,14,PENJUALAN NETO
ENRG/ENRG (Report-Billingual) 31 Dec 2023.pdf,net_income_parent,68435792,15,
ENRG/ENRG (Report-Billingual) 31 Dec 2023.pdf,eps_basic,0.00276,15,"printed 0,00276 USD"
ENRG/ENRG (Report-Billingual) 31 Dec 2023.pdf,total_assets,1368757121,11,
ENRG/ENRG (Report-Billingual) 31 Dec 2023.pdf,total_liabilities,783652104,12,
ENRG/ENRG (Report-Billingual) 31 Dec 2023.pdf,total_equity,585105017,13,
ENRG/ENRG (Report-Billingual) 31 Dec 2023.pdf,equity_parent,655722351,13,"""Neto"" subtotal before non-controlling interests"
ENRG/ENRG (Report-Billingual) 31 Dec 2023.pdf,current_assets,242372954,11,
ENRG/ENRG (Report-Billingual) 31 Dec 2023.pdf,current_liabilities,363544689,12,
ENRG/ENRG (Report-Billingual) 31 Dec 2023.pdf,cfo,160267635,18,
ENRG/ENRG (Report-Billingual) 31 Dec 2023.pdf,shares_issued,24821230250,13,"sum of Series A 6,138,347,970 + Series B 18,682,882,280 printed on BS"
ENRG/c50293838b_c661451606.pdf,doc_type,AR_WITH_FS,301,
ENRG/c50293838b_c661451606.pdf,period_end,2024-12-31,301,
ENRG/c50293838b_c661451606.pdf,currency,USD,301,
ENRG/c50293838b_c661451606.pdf,scale,1,301,
ENRG/c50293838b_c661451606.pdf,is_bank,false,301,
ENRG/c50293838b_c661451606.pdf,bs_page,301,301,
ENRG/c50293838b_c661451606.pdf,is_page,304,304,
ENRG/c50293838b_c661451606.pdf,cf_page,308,308,
ENRG/c50293838b_c661451606.pdf,revenue,467425177,304,PENJUALAN NETO
ENRG/c50293838b_c661451606.pdf,net_income_parent,75394672,305,
ENRG/c50293838b_c661451606.pdf,eps_basic,0.00304,305,"printed 0,00304 USD"
ENRG/c50293838b_c661451606.pdf,total_assets,1583258785,301,
ENRG/c50293838b_c661451606.pdf,total_liabilities,926118167,302,
ENRG/c50293838b_c661451606.pdf,total_equity,657140618,303,
ENRG/c50293838b_c661451606.pdf,equity_parent,730189566,303,"""Neto"" subtotal before non-controlling interest"
ENRG/c50293838b_c661451606.pdf,current_assets,255644409,301,
ENRG/c50293838b_c661451606.pdf,current_liabilities,434811390,302,
ENRG/c50293838b_c661451606.pdf,cfo,207663319,308,
ENRG/c50293838b_c661451606.pdf,shares_issued,24821230250,303,"sum of Series A 6,138,347,970 + Series B 18,682,882,280 printed on BS"
MDKA/874e782b21_da1847b750.pdf,doc_type,AR_WITH_FS,308,
MDKA/874e782b21_da1847b750.pdf,period_end,2025-12-31,308,
MDKA/874e782b21_da1847b750.pdf,currency,USD,308,
MDKA/874e782b21_da1847b750.pdf,scale,1,308,
MDKA/874e782b21_da1847b750.pdf,is_bank,false,308,
MDKA/874e782b21_da1847b750.pdf,bs_page,308,308,FS is image-based/PUA-font text; values read visually from rendered pages
MDKA/874e782b21_da1847b750.pdf,is_page,311,311,
MDKA/874e782b21_da1847b750.pdf,cf_page,315,315,
MDKA/874e782b21_da1847b750.pdf,revenue,1894763538,311,
MDKA/874e782b21_da1847b750.pdf,net_income_parent,-62061582,312,
MDKA/874e782b21_da1847b750.pdf,eps_basic,-0.0025,312,printed (0.0025) loss per basic share
MDKA/874e782b21_da1847b750.pdf,total_assets,5707420613,308,
MDKA/874e782b21_da1847b750.pdf,total_liabilities,2782564483,309,
MDKA/874e782b21_da1847b750.pdf,total_equity,2924856130,310,
MDKA/874e782b21_da1847b750.pdf,equity_parent,791471197,310,
MDKA/874e782b21_da1847b750.pdf,current_assets,1399806562,308,
MDKA/874e782b21_da1847b750.pdf,current_liabilities,1120046869,309,
MDKA/874e782b21_da1847b750.pdf,cfo,263854321,315,
MDKA/874e782b21_da1847b750.pdf,shares_issued,24472983771,310,"24,472,983,771 shares issued and fully paid as printed on BS (before treasury stock)"
SINI/68ea772b2e_2691201285.pdf,doc_type,AR_WITH_FS,143,
SINI/68ea772b2e_2691201285.pdf,period_end,2024-12-31,143,
SINI/68ea772b2e_2691201285.pdf,currency,IDR,143,
SINI/68ea772b2e_2691201285.pdf,scale,1,143,
SINI/68ea772b2e_2691201285.pdf,is_bank,false,143,
SINI/68ea772b2e_2691201285.pdf,bs_page,143,143,
SINI/68ea772b2e_2691201285.pdf,is_page,146,146,
SINI/68ea772b2e_2691201285.pdf,cf_page,148,148,
SINI/68ea772b2e_2691201285.pdf,revenue,435143362568,146,
SINI/68ea772b2e_2691201285.pdf,net_income_parent,-30960092762,146,
SINI/68ea772b2e_2691201285.pdf,eps_basic,-64.37,146,"printed (64,37) basic loss per share (decimal comma)"
SINI/68ea772b2e_2691201285.pdf,total_assets,806899523671,143,
SINI/68ea772b2e_2691201285.pdf,total_liabilities,1452954863010,144,
SINI/68ea772b2e_2691201285.pdf,total_equity,-646055339339,145,"Total Defisiensi Modal (capital deficiency), negative"
SINI/68ea772b2e_2691201285.pdf,equity_parent,-720293836665,145,"Defisiensi modal diatribusikan kepada pemilik entitas induk, negative"
SINI/68ea772b2e_2691201285.pdf,current_assets,211209244654,143,
SINI/68ea772b2e_2691201285.pdf,current_liabilities,1243690269789,144,
SINI/68ea772b2e_2691201285.pdf,cfo,92871066131,148,
SINI/68ea772b2e_2691201285.pdf,shares_issued,481000000,145,
SINI/6fec84c050_54dc315f7e.pdf,doc_type,AR_WITH_FS,174,
SINI/6fec84c050_54dc315f7e.pdf,period_end,2025-12-31,174,
SINI/6fec84c050_54dc315f7e.pdf,currency,IDR,174,
SINI/6fec84c050_54dc315f7e.pdf,scale,1,174,
SINI/6fec84c050_54dc315f7e.pdf,is_bank,false,174,
SINI/6fec84c050_54dc315f7e.pdf,bs_page,174,174,
SINI/6fec84c050_54dc315f7e.pdf,is_page,177,177,
SINI/6fec84c050_54dc315f7e.pdf,cf_page,179,179,
SINI/6fec84c050_54dc315f7e.pdf,revenue,534021405626,177,
SINI/6fec84c050_54dc315f7e.pdf,net_income_parent,-43087994671,177,
SINI/6fec84c050_54dc315f7e.pdf,eps_basic,-89.58,177,"printed (89,58) basic loss per share (decimal comma)"
SINI/6fec84c050_54dc315f7e.pdf,total_assets,1569197460365,174,
SINI/6fec84c050_54dc315f7e.pdf,total_liabilities,2256613426882,175,
SINI/6fec84c050_54dc315f7e.pdf,total_equity,-687415966517,176,"Total Defisiensi Modal (capital deficiency), negative"
SINI/6fec84c050_54dc315f7e.pdf,equity_parent,-763526872554,176,"Defisiensi modal diatribusikan kepada pemilik entitas induk, negative"
SINI/6fec84c050_54dc315f7e.pdf,current_assets,687763151181,174,
SINI/6fec84c050_54dc315f7e.pdf,current_liabilities,1821585075379,175,
SINI/6fec84c050_54dc315f7e.pdf,cfo,-51734623804,179,
SINI/6fec84c050_54dc315f7e.pdf,shares_issued,481000000,176,
SINI/f64742c1c8_9f6d581c80.pdf,doc_type,AR_WITH_FS,139,
SINI/f64742c1c8_9f6d581c80.pdf,period_end,2023-12-31,139,
SINI/f64742c1c8_9f6d581c80.pdf,currency,IDR,139,
SINI/f64742c1c8_9f6d581c80.pdf,scale,1,139,
SINI/f64742c1c8_9f6d581c80.pdf,is_bank,false,139,
SINI/f64742c1c8_9f6d581c80.pdf,bs_page,139,139,"BS has 3 columns (2023, 2022 restated, 1 Jan 2022); first used"
SINI/f64742c1c8_9f6d581c80.pdf,is_page,142,142,
SINI/f64742c1c8_9f6d581c80.pdf,cf_page,144,144,
SINI/f64742c1c8_9f6d581c80.pdf,revenue,297411483210,142,
SINI/f64742c1c8_9f6d581c80.pdf,net_income_parent,-16493526203,142,
SINI/f64742c1c8_9f6d581c80.pdf,eps_basic,-34.29,142,"printed (34,29) basic loss per share (decimal comma)"
SINI/f64742c1c8_9f6d581c80.pdf,total_assets,596476287836,139,
SINI/f64742c1c8_9f6d581c80.pdf,total_liabilities,1220048412263,140,
SINI/f64742c1c8_9f6d581c80.pdf,total_equity,-623572124427,141,"Total Ekuitas (Defisiensi Modal), negative"
SINI/f64742c1c8_9f6d581c80.pdf,equity_parent,-689955339428,141,"equity attributable to owners of parent, negative"
SINI/f64742c1c8_9f6d581c80.pdf,current_assets,128477450069,139,
SINI/f64742c1c8_9f6d581c80.pdf,current_liabilities,1013816502571,140,
SINI/f64742c1c8_9f6d581c80.pdf,cfo,21795614893,144,
SINI/f64742c1c8_9f6d581c80.pdf,shares_issued,481000000,141,
SINI/PT Singaraja Putra Tbk  2022.pdf,doc_type,FS,9,
SINI/PT Singaraja Putra Tbk  2022.pdf,period_end,2022-12-31,9,
SINI/PT Singaraja Putra Tbk  2022.pdf,currency,IDR,9,
SINI/PT Singaraja Putra Tbk  2022.pdf,scale,1,9,
SINI/PT Singaraja Putra Tbk  2022.pdf,is_bank,false,9,
SINI/PT Singaraja Putra Tbk  2022.pdf,bs_page,9,9,
SINI/PT Singaraja Putra Tbk  2022.pdf,is_page,11,11,
SINI/PT Singaraja Putra Tbk  2022.pdf,cf_page,13,13,
SINI/PT Singaraja Putra Tbk  2022.pdf,revenue,413645245865,11,
SINI/PT Singaraja Putra Tbk  2022.pdf,net_income_parent,4989306638,11,
SINI/PT Singaraja Putra Tbk  2022.pdf,eps_basic,23,11,"printed 23 (2022 column; 18 in 2021 column); text extraction order ambiguous, confirmed visually"
SINI/PT Singaraja Putra Tbk  2022.pdf,total_assets,212080420622,9,
SINI/PT Singaraja Putra Tbk  2022.pdf,total_liabilities,159656589668,10,
SINI/PT Singaraja Putra Tbk  2022.pdf,total_equity,52423830954,10,
SINI/PT Singaraja Putra Tbk  2022.pdf,equity_parent,37189642293,10,"""Jumlah"" subtotal before non-controlling interest 15,234,188,661"
SINI/PT Singaraja Putra Tbk  2022.pdf,current_assets,141283962927,9,
SINI/PT Singaraja Putra Tbk  2022.pdf,current_liabilities,117675256198,10,
SINI/PT Singaraja Putra Tbk  2022.pdf,cfo,-16287641451,13,
SINI/PT Singaraja Putra Tbk  2022.pdf,shares_issued,481000000,10,"481,000,000 = capital 48,100,000,000 / Rp100 par; count printed on p10"
TINS/6260e77c53_9f75584fcb.pdf,doc_type,NO_FS,,Laporan Keberlanjutan 2025 (Sustainability Report); no consolidated financial statements
TINS/6260e77c53_9f75584fcb.pdf,period_end,NA,,
TINS/6260e77c53_9f75584fcb.pdf,currency,NA,,
TINS/6260e77c53_9f75584fcb.pdf,scale,NA,,
TINS/6260e77c53_9f75584fcb.pdf,is_bank,NA,,
TINS/6260e77c53_9f75584fcb.pdf,bs_page,NA,,
TINS/6260e77c53_9f75584fcb.pdf,is_page,NA,,
TINS/6260e77c53_9f75584fcb.pdf,cf_page,NA,,
TINS/6260e77c53_9f75584fcb.pdf,revenue,NA,,
TINS/6260e77c53_9f75584fcb.pdf,net_income_parent,NA,,
TINS/6260e77c53_9f75584fcb.pdf,eps_basic,NA,,
TINS/6260e77c53_9f75584fcb.pdf,total_assets,NA,,
TINS/6260e77c53_9f75584fcb.pdf,total_liabilities,NA,,
TINS/6260e77c53_9f75584fcb.pdf,total_equity,NA,,
TINS/6260e77c53_9f75584fcb.pdf,equity_parent,NA,,
TINS/6260e77c53_9f75584fcb.pdf,current_assets,NA,,
TINS/6260e77c53_9f75584fcb.pdf,current_liabilities,NA,,
TINS/6260e77c53_9f75584fcb.pdf,cfo,NA,,
TINS/6260e77c53_9f75584fcb.pdf,shares_issued,NA,,
